time,delta_lambda_simulink,delta_lambda_noisy,label,delta_lambda_filtered
0,6.27799070210013,6.23288216832831,mild_damage,6.30060871395602
1,6.20667596186805,6.26430652144025,mild_damage,6.2927719293957
2,6.1326286937406,6.09201788909571,mild_damage,6.31534956281809
3,6.22423130542883,6.25583622667785,mild_damage,6.28958685578214
4,6.05089379772906,6.03622409600447,mild_damage,6.29148049415914
5,6.5656966729125,6.53083247782635,mild_damage,6.32070969333352
6,6.27453387222379,6.31111420605699,mild_damage,6.32542745138358
7,6.65836825865538,6.6816561262182,mild_damage,6.35489370223585
8,6.38797421812958,6.23007765291318,mild_damage,6.38281669853549
9,6.5456727879881,6.51854826361962,mild_damage,6.40921192273419
10,6.11824883287203,6.03195978542261,mild_damage,6.42051506756299
11,6.30335886313131,6.31231051630619,mild_damage,6.44068083491103
12,6.72885732097469,6.67146008342607,mild_damage,6.50584230447018
13,6.38789103162989,6.38675830603428,mild_damage,6.52229655904922
14,6.66713497763583,6.76742121416763,mild_damage,6.55732529089574
15,6.51558688657079,6.65172711282296,mild_damage,6.55504548076092
16,6.59635121537483,6.6602348844208,mild_damage,6.62731785169245
17,6.38941464103068,6.26156506152768,mild_damage,6.6466353157838
18,6.44094684231507,6.55832273689845,mild_damage,6.71026541180245
19,6.92764040972174,7.01364613939169,mild_damage,6.74823729901676
20,6.75737124900693,6.77764629651196,mild_damage,6.78674755541293
21,6.64210740896601,6.83654518375474,mild_damage,6.83983780084049
22,6.6843351389883,6.64745897419595,mild_damage,6.83953605079485
23,7.04511074416202,7.31416321688618,severe_damage,6.86155240596653
24,6.89683017078591,6.80831022498982,mild_damage,6.88240571007446
25,7.04599602413475,6.98641122570231,severe_damage,6.94429155627373
26,7.05777199950531,6.88188882452081,severe_damage,6.94915829504894
27,7.16472178983779,7.2491139293686,severe_damage,6.96826687777865
28,7.12852060111875,7.1831119874478,severe_damage,7.00889484864036
29,6.81499239230978,6.76289496348305,mild_damage,7.02561578985315
30,7.19301813982657,6.9819724403981,severe_damage,7.04869600208912
31,7.37767648372488,6.97303444603972,severe_damage,7.04905456792295
32,7.3328959498107,7.18985275451672,severe_damage,7.12109041050107
33,6.74608616080028,6.63132381852665,mild_damage,7.17642762736457
34,7.20111236325122,7.30027488033739,severe_damage,7.23540335920048
35,7.22545170146637,7.38706585943752,severe_damage,7.23755618631888
36,7.38768370641295,7.0873593019466,severe_damage,7.2550755145413
37,7.25577031581562,6.99366215773552,severe_damage,7.301955087173
38,7.39138392992707,7.31954170439372,severe_damage,7.34286158035105
39,7.74674726452151,7.88884786366159,severe_damage,7.39161563781107
40,7.62848974176732,7.81646947865468,severe_damage,7.41515523902185
41,7.54595384046908,7.76652480205956,severe_damage,7.50722058147174
42,7.34086491031405,7.28140633614459,severe_damage,7.49955452065183
43,7.54454396542434,7.4459019107841,severe_damage,7.5175153641065
44,7.62115198957621,7.46608855295847,severe_damage,7.59260385901206
45,7.5129303380797,7.59556983806897,severe_damage,7.6693888439619
46,7.58962546997077,7.70434530793999,severe_damage,7.70804952818313
47,7.77246858275223,7.54294677267835,severe_damage,7.71091760437382
48,8.03327797246841,8.01230395527512,severe_damage,7.70153163045355
49,7.26498012834079,7.18528396803861,severe_damage,7.68998401469097
50,7.5661547316418,7.65647851125768,severe_damage,7.75406453731144
51,8.0421033479502,8.21368672552994,severe_damage,7.80456219805696
52,7.96551008584545,8.14543693198314,severe_damage,7.83502029173987
53,7.82632836627319,7.89945196771222,severe_damage,7.85329274552123
54,7.99467667180608,7.93186900652194,severe_damage,7.90765877693643
55,7.74732822260063,7.67567986985051,severe_damage,7.94766797539559
56,7.76946086136219,7.59331056562089,severe_damage,7.94577874769616
57,8.06796200697605,8.24261417545172,severe_damage,8.01043330877045
58,8.33812050811869,8.20336682196686,severe_damage,8.04521270135978
59,8.21506115446078,7.92295995820215,severe_damage,8.05064354425822
60,7.99370845527149,7.86965664478933,severe_damage,8.06663117477696
61,8.30217743953062,8.51983577916801,severe_damage,8.10387408641188
62,8.10516002105379,8.14308474956579,severe_damage,8.1474424293702
63,8.03897931476021,7.98396553978357,severe_damage,8.18501663876344
64,8.12445769646694,8.15510238415295,severe_damage,8.23207471825915
65,8.11990351262732,8.17816940009767,severe_damage,8.25423866839176
66,8.22945733865898,8.29514936900648,severe_damage,8.27605400805774
67,8.41229370293819,8.38525138976435,severe_damage,8.33815209998475
68,8.11543224550286,8.4580956422359,severe_damage,8.39338129598662
69,8.42665917384371,8.58539415089678,severe_damage,8.36772774257839
70,8.61083499482062,8.23929301074921,severe_damage,8.38367761852069
71,8.44189376242723,8.29918175805652,severe_damage,8.42185542969185
72,8.57994714119791,8.57507342744078,severe_damage,8.46489218296417
73,8.45602020619087,8.53059691695656,severe_damage,8.52484670609089
74,8.89714399987456,8.85443133710741,severe_damage,8.54979618171634
75,8.70497427568368,8.69809458481738,severe_damage,8.57986075435516
76,8.18376977448367,8.13503247804451,severe_damage,8.60790477570105
77,8.57978775786825,8.38233288870022,severe_damage,8.60598716578899
78,8.23716850159284,8.55663270735103,severe_damage,8.64876179281734
79,8.83007209173108,8.80065368323779,severe_damage,8.69771263543634
80,8.72878859560785,9.0774872469984,severe_damage,8.71835740441215
81,8.80292435525108,8.66939150338822,severe_damage,8.725873973825
82,8.87479772568405,8.83621997934672,severe_damage,8.71495933338761
83,9.07508215104223,8.87875596242428,severe_damage,8.73652779838747
84,8.68497057435909,8.55663000221585,severe_damage,8.74752354590461
85,8.74560675387338,8.88091241617443,severe_damage,8.81531368743893
86,8.92007964995734,9.03344439734159,severe_damage,8.81274765388953
87,9.01606579917113,8.8847449620778,severe_damage,8.84282623493389
88,8.62070140217979,8.6433454581493,severe_damage,8.81196424407377
89,8.75677098709122,8.69071173054655,severe_damage,8.83653149699444
90,8.8974746546774,9.02162155981533,severe_damage,8.85033111505202
91,8.41536739393613,8.29996869080157,severe_damage,8.87561262717955
92,9.16581861475046,9.39918501171507,severe_damage,8.91644158421609
93,8.75069490895801,8.51814220411001,severe_damage,8.93265511343181
94,9.20822049652862,9.25183239890324,severe_damage,8.93140926729108
95,8.84151108623265,8.61455738409653,severe_damage,8.92415287797473
96,9.14674832443055,9.03790029719827,severe_damage,8.95220431147762
97,9.2045555493707,9.04321425021046,severe_damage,9.00230817062485
98,9.02565601131658,9.25797864433728,severe_damage,9.01220542039155
99,9.19344249461069,9.16906435776392,severe_damage,9.08780400625085
100,9.07524223474332,9.1241153544103,severe_damage,9.04621032117504
101,9.23104292028771,9.01475670523057,severe_damage,9.07979883447513
102,8.91991030542935,8.77589912233261,severe_damage,9.07494932597591
103,9.01198029885213,9.06411696069259,severe_damage,9.11469893209326
104,9.45773733720324,9.44226961775494,severe_damage,9.1451732897768
105,9.07098559812056,9.1700803063159,severe_damage,9.16739296573623
106,9.26038097086134,9.43394747869107,severe_damage,9.17827231415728
107,8.91318809905363,8.77527973557798,severe_damage,9.19657985116228
108,9.16754855754694,9.02196990361137,severe_damage,9.2345545387602
109,9.11067510512491,9.17908977141488,severe_damage,9.24100007045948
110,9.22892381975373,9.21080147585676,severe_damage,9.28693471614257
111,9.4930808522701,9.49501566245144,severe_damage,9.34015293413076
112,9.50934400503392,9.37650938960182,severe_damage,9.36114006865601
113,9.56345670550409,9.42116887065304,severe_damage,9.39947372754601
114,9.37665801127308,9.44367741283899,severe_damage,9.38702625398735
115,9.45971370124561,9.69373566837903,severe_damage,9.42056427524179
116,9.16341704689346,9.11143968071981,severe_damage,9.44725475342876
117,9.29869332263898,9.46491880757897,severe_damage,9.46035876697877
118,9.65693345336545,9.86239023051542,severe_damage,9.4684501558693
119,9.59627690724469,9.75707663563366,severe_damage,9.49793903600654
120,9.5176227635441,9.74508518966598,severe_damage,9.51373103186451
121,9.19341828044473,9.24723537531105,severe_damage,9.49132747002363
122,9.52048647157225,9.27835005439466,severe_damage,9.46382566148788
123,9.54589239517206,9.42232707641595,severe_damage,9.44656121138489
124,9.39883392514291,9.37564997466502,severe_damage,9.48552634249365
125,9.54996469372468,9.33217230921458,severe_damage,9.47394311486558
126,10.0159795892476,9.93734886451017,severe_damage,9.48815226729933
127,9.42218480022586,9.6133893274713,severe_damage,9.47698949413389
128,9.20218638708174,9.08511544303981,severe_damage,9.46673572906199
129,9.00070330929172,9.03115028480274,severe_damage,9.49889335105503
130,9.39257640344984,9.43476891683422,severe_damage,9.48754550894257
131,9.41912963234879,9.69591664735127,severe_damage,9.51788807628313
132,9.32894388482502,9.29117039315783,severe_damage,9.53715413589639
133,9.9787233782293,10.0755275170217,severe_damage,9.53786951144769
134,9.77433728372134,9.5896350381521,severe_damage,9.49576093365256
135,9.72284997243577,9.5912787135874,severe_damage,9.491425430351
136,9.68061726729939,9.72959970520665,severe_damage,9.55883806583422
137,9.02947950059832,9.10813242270775,severe_damage,9.60822906591933
138,9.94829073390416,9.87746558652447,severe_damage,9.64823530989853
139,9.62343075318166,9.66464086886387,severe_damage,9.63194774659323
140,9.44381274149859,9.34290294248411,severe_damage,9.67233601123016
141,9.21958283025089,9.30572019758312,severe_damage,9.60715417456824
142,9.65370891512369,9.54835677794804,severe_damage,9.6263408301058
143,10.0586101016523,10.096304975288,severe_damage,9.64632732843067
144,9.71915335216115,9.77201528607943,severe_damage,9.62926346646814
145,9.81993042340726,10.0348625765222,severe_damage,9.66749768703664
146,9.6180212623502,9.4516031977718,severe_damage,9.68744846660587
147,9.86493055187338,9.89699436271176,severe_damage,9.70517120721947
148,9.35676102396726,9.09779996709294,severe_damage,9.73929625233154
149,9.85840990003333,9.87743487121547,severe_damage,9.76160040213384
150,9.77342951747458,9.89107618846034,severe_damage,9.78439051368879
151,9.63371918145153,9.47364177576877,severe_damage,9.77195389407939
152,9.71241739906089,9.68164573123522,severe_damage,9.75678135016164
153,9.99243466722778,10.176727280063,severe_damage,9.70195638461129
154,9.68211356368518,9.93048197806774,severe_damage,9.69576695524646
155,9.85447124658116,9.85477861916524,severe_damage,9.68385213105408
156,9.41740853678952,9.64028244461764,severe_damage,9.725753857568
157,9.91399136601874,9.89020845127229,severe_damage,9.71278977380179
158,10.0408459629546,9.90975568114697,severe_damage,9.69948827414592
159,9.56000325305833,9.54442712731327,severe_damage,9.73032752560604
160,9.47387820462553,9.21248809326696,severe_damage,9.72228334237761
161,9.48269991302966,9.35876175729922,severe_damage,9.69699693598459
162,9.81145554204857,9.71827199982614,severe_damage,9.67966831105222
163,9.51956163505404,9.72632586480177,severe_damage,9.66533818275265
164,9.64959037867395,9.68297361472231,severe_damage,9.66575427886217
165,9.38493239451128,9.69155369362232,severe_damage,9.6290400477259
166,9.86946047079828,9.93623054767042,severe_damage,9.61076227876132
167,9.50793747692524,9.56098298280882,severe_damage,9.62986429789759
168,9.83099112356978,9.79743118416777,severe_damage,9.66019517474391
169,9.80428371764974,9.67055260408209,severe_damage,9.65731623249389
170,9.6144059996818,9.63982669467169,severe_damage,9.67759317831862
171,9.70294473074733,9.64652388626052,severe_damage,9.64913652587506
172,9.57308299568961,9.33949498422823,severe_damage,9.6522161852895
173,9.55834860792073,9.63558914667833,severe_damage,9.64041673886724
174,9.85570606636446,9.83095741435723,severe_damage,9.61091433597671
175,9.62815154352241,9.66745124596184,severe_damage,9.60735442247058
176,9.39363700383912,9.3155776235489,severe_damage,9.60770790460722
177,9.91961675307151,10.0224261871971,severe_damage,9.60573453702562
178,9.38925670927763,9.29947607814833,severe_damage,9.58163196996218
179,9.67580059134547,9.72916850593887,severe_damage,9.5718914759548
180,9.4143332651041,9.51456199728851,severe_damage,9.58536474687331
181,9.51249711247844,9.4936945043125,severe_damage,9.5643436834818
182,9.64563956122296,9.50758428021679,severe_damage,9.53640885729216
183,9.76693741158616,9.80273341621733,severe_damage,9.54736320276534
184,9.47937312707449,9.64095209035813,severe_damage,9.54107017530739
185,9.60499387199322,9.27828818872013,severe_damage,9.48874450089906
186,9.48331574181216,9.50041647614972,severe_damage,9.53104157709961
187,9.52042343325805,9.54159404800597,severe_damage,9.52600235251774
188,9.26778018394427,9.32027319580563,severe_damage,9.51944183644693
189,9.46873641702021,9.41193502151271,severe_damage,9.49315187485282
190,9.78103924873462,9.83176642805949,severe_damage,9.51059808000127
191,9.30429547614229,9.2211822116797,severe_damage,9.47168158141348
192,9.19924648715432,9.23754107107212,severe_damage,9.45372004923451
193,9.76171141886377,9.93393222115653,severe_damage,9.44468977049191
194,9.66719551292467,9.65358013721083,severe_damage,9.4341173374917
195,9.57803751493359,9.41615425622644,severe_damage,9.44425885802443
196,9.11485078958711,9.09934508040072,severe_damage,9.44895913868208
197,9.70416295634626,9.76927735744355,severe_damage,9.44243988546519
198,9.25951958836854,9.2189859374006,severe_damage,9.44236350051417
199,9.12233706893395,9.37152910767362,severe_damage,9.42937463080486
200,9.20900940754474,9.14283400758106,severe_damage,9.42887825985513
201,9.40559160612096,9.34182998114646,severe_damage,9.38029298589803
202,9.44926698627044,9.69371685599704,severe_damage,9.34774390885817
203,9.34598132955238,9.39077740567029,severe_damage,9.30881265226436
204,9.23384981702631,9.31414622325936,severe_damage,9.31030185021191
205,9.63057539301087,9.83062065379422,severe_damage,9.25910146044592
206,9.12462679421,9.02634916604013,severe_damage,9.27390652229875
207,9.25795059976193,9.23009550682613,severe_damage,9.24051057011738
208,9.07472941014116,9.20515311179994,severe_damage,9.2162680053593
209,9.28484297397615,9.16534398161293,severe_damage,9.18938457878928
210,8.79635616561066,8.83218540731933,severe_damage,9.12390731533808
211,9.296195051751,9.12168304961391,severe_damage,9.09867700453525
212,8.92487396216455,9.00127151095382,severe_damage,9.08435215324114
213,9.10571301144127,9.44106186519309,severe_damage,9.05463130232192
214,8.8949704720637,8.87058982495305,severe_damage,9.04810667335176
215,8.83953555061052,8.77919553620987,severe_damage,8.99051673095079
216,8.6894157738195,8.93857858259602,severe_damage,8.96076837332723
217,8.85225861058947,8.71155790422912,severe_damage,8.93907890868951
218,9.06881154434197,9.01232274362786,severe_damage,8.89142133805501
219,9.10419200893435,9.0992734538477,severe_damage,8.85197712951185
220,9.29375863178858,9.38480789000594,severe_damage,8.81518741368077
221,9.09183615441931,8.92847973148776,severe_damage,8.77737916454688
222,8.51141283363067,8.36624637081144,severe_damage,8.78337324994587
223,8.71326166995257,8.75892774744656,severe_damage,8.80054579485772
224,8.86837321560381,8.84000201204721,severe_damage,8.77350614805077
225,8.36872283439596,8.1173218478018,severe_damage,8.75003800542945
226,8.78855980106182,8.53001992146652,severe_damage,8.75334354393113
227,8.70924452896893,8.44942577348758,severe_damage,8.74756552943604
228,8.87096667051062,8.87393812818476,severe_damage,8.69213960602162
229,8.89253114453115,8.96050110593799,severe_damage,8.66871867946837
230,8.9367234398112,9.03678370988744,severe_damage,8.66707175379667
231,8.69228203333996,8.53298388049182,severe_damage,8.67301732724527
232,8.66116167665504,8.35953576490931,severe_damage,8.66093390506551
233,8.97307110333279,9.06190582115312,severe_damage,8.68376856330748
234,9.0252340267985,9.01260323642137,severe_damage,8.66014253017598
235,8.5560810449899,8.55341903878968,severe_damage,8.64565284686236
236,8.6380800929481,8.57716583318893,severe_damage,8.59930050852454
237,8.38827707465799,8.34154248573596,severe_damage,8.55575607680669
238,8.56284811111514,8.84811134917551,severe_damage,8.53968409515587
239,8.68182813467791,8.65875067935082,severe_damage,8.5383600610053
240,8.38322345720736,8.45984172143139,severe_damage,8.51079561347366
241,8.50132408628941,8.17562942449407,severe_damage,8.42137281548608
242,8.45518174207821,8.23208052378326,severe_damage,8.36657808210786
243,8.29590859103604,8.17865305311751,severe_damage,8.3411464673143
244,8.2853157108207,8.30733463017021,severe_damage,8.2981786751157
245,8.74145524240896,8.79570398512513,severe_damage,8.30049852690533
246,8.1366554923937,8.51312336823317,severe_damage,8.23904130438889
247,8.20966907817768,7.94606905193481,severe_damage,8.22372740538809
248,7.9797858285269,7.7205638513394,severe_damage,8.19969799216904
249,8.23285938968254,8.19068223574812,severe_damage,8.18535475856651
250,8.3023585082105,8.17194481688619,severe_damage,8.20758390916442
251,8.08843671597986,7.93264895020991,severe_damage,8.19787820192061
252,8.23340617708853,8.37634026258052,severe_damage,8.18542312551178
253,7.99025473506845,7.92625301142889,severe_damage,8.12900477247956
254,8.3587639521068,8.42904219433877,severe_damage,8.08732565207842
255,8.06888373126106,8.09940052314568,severe_damage,8.08030944548074
256,8.20057913827187,7.9604809204561,severe_damage,8.08337280347969
257,8.45063859417659,8.56551778275187,severe_damage,8.05528634928488
258,8.07151331775935,8.03306744446043,severe_damage,8.0479714202329
259,8.21983174107325,8.12050848403774,severe_damage,8.01536871150498
260,7.9724066793556,7.94942868964181,severe_damage,7.98618258637842
261,7.82893481959696,7.88793656221601,severe_damage,7.95773097663333
262,7.67508216564099,7.84082595296969,severe_damage,7.91544909349078
263,7.75120076717947,7.76651422132366,severe_damage,7.8918432660058
264,8.02808728076797,7.76938542282596,severe_damage,7.84740176962833
265,7.93707187588173,8.06222088110644,severe_damage,7.73764734094678
266,7.52557999284574,7.44360831929115,severe_damage,7.69867568885062
267,7.66176763457244,7.93854838568207,severe_damage,7.68985267494686
268,7.40797378497648,7.49947886525263,severe_damage,7.67464921738743
269,7.69669192922693,7.79481394720043,severe_damage,7.64033690662209
270,7.79646711686275,7.74531311087104,severe_damage,7.61211201941851
271,7.42034599345289,7.293858474794,severe_damage,7.61176224796921
272,6.97759335947344,6.91920135252866,mild_damage,7.60343373860234
273,7.64298476984815,7.44849266301793,severe_damage,7.56877623139426
274,8.11171488927341,7.98816327548141,severe_damage,7.55907298375854
275,7.54408774831569,7.72137682625043,severe_damage,7.51199832216975
276,7.46299078799908,7.37325190073586,severe_damage,7.49758386193431
277,7.42638839630367,7.41745264491602,severe_damage,7.43985395594664
278,7.52765983599175,7.76126764958403,severe_damage,7.41019128166242
279,7.71926428190826,7.64445778232306,severe_damage,7.41299619714986
280,7.57257536236443,7.54235827298523,severe_damage,7.46107051269388
281,7.19435900443023,7.29805960475526,severe_damage,7.42778691452831
282,7.20251686515828,7.23242846185025,severe_damage,7.37322733217614
283,7.21387169750734,7.28326196172104,severe_damage,7.29403080891535
284,6.95913408813401,6.92886535738538,mild_damage,7.28001983490395
285,7.32690706771872,7.3003729966077,severe_damage,7.21810235679726
286,7.09294710792939,7.3359322071056,severe_damage,7.13043617575091
287,7.33709237007231,7.64031608568901,severe_damage,7.0651338901279
288,6.95198741238761,6.9492386905343,mild_damage,6.99231517882803
289,7.28587899020242,7.16976954019887,severe_damage,6.95573004237086
290,6.54069520656048,6.53342897733866,mild_damage,6.93269537057649
291,7.24970091545468,7.16308729056479,severe_damage,6.89729398859171
292,6.54617461451787,6.48869047331566,mild_damage,6.86505341585425
293,6.6042252907199,6.44627493388884,mild_damage,6.82426103578856
294,6.78893092098328,6.66492349797794,mild_damage,6.77624112578723
295,6.45242763463143,6.45007760348719,mild_damage,6.70677148191954
296,6.80104991014834,6.74928255789772,mild_damage,6.67700611933772
297,6.78112574547659,6.88690838493472,mild_damage,6.60118221222319
298,6.9003377045823,6.75224123194929,mild_damage,6.61227093413217
299,6.5195519896208,6.44525676632346,mild_damage,6.55536474125428
300,6.64826655719409,6.6884872956223,mild_damage,6.53080053650678
301,6.57811322842421,6.61563355708573,mild_damage,6.49886541042738
302,6.63348838073959,6.59827142767368,mild_damage,6.49155584364529
303,6.58303274139768,6.50275825180696,mild_damage,6.47692594029737
304,6.22211061744226,6.03241093348086,mild_damage,6.47316660171035
305,6.73782580550513,6.69975980597341,mild_damage,6.42056846757575
306,6.27193112899576,6.30949439739649,mild_damage,6.37524615548816
307,6.12990474209583,6.12022740210312,mild_damage,6.35589907843088
308,6.07678366148184,5.96724804269787,mild_damage,6.29987941234178
309,6.4788194975327,6.55527999624662,mild_damage,6.25227778509584
310,6.17167183032933,6.23062905326833,mild_damage,6.1964355730384
311,6.70812173689361,6.69289247909235,mild_damage,6.16503199004129
312,6.09136003409723,6.09793637291585,mild_damage,6.15700623041505
313,6.06651455981158,6.07240655063536,mild_damage,6.07913246051261
314,6.1407801349823,6.15505061046427,mild_damage,6.04286524145711
315,5.78644491399074,5.8481923042858,mild_damage,6.00532966709266
316,5.9304348953198,5.90160914839664,mild_damage,6.01441491963291
317,5.63351894711356,5.76063824681207,mild_damage,5.97575491777241
318,6.12328384133369,6.0317045068503,mild_damage,5.94583244042161
319,5.9377806532039,5.91202453908726,mild_damage,5.88165532624394
320,5.59572320900008,5.53165325743687,mild_damage,5.85456394793263
321,5.81874550593181,5.76548611156391,mild_damage,5.80768878853485
322,5.68934865270929,5.55719378663639,mild_damage,5.7747589304478
323,6.01026787030529,6.10352683080162,mild_damage,5.74459103612524
324,5.9692774290964,5.97537996833914,mild_damage,5.72838575323988
325,5.79194539240702,5.78179189300639,mild_damage,5.70607444277108
326,5.72253854126702,5.73023576642719,mild_damage,5.69266259626765
327,5.74842614252679,5.6915656982463,mild_damage,5.65382648172942
328,5.39887544952717,5.36927915966861,mild_damage,5.65151642479002
329,5.58931284274207,5.66110273915847,mild_damage,5.61982469403666
330,5.40099930035956,5.39567388944739,mild_damage,5.5730623317477
331,5.61764813671932,5.65852990511631,mild_damage,5.52371266929101
332,5.37353935536872,5.4259685897801,mild_damage,5.46104435375937
333,5.74827399681048,5.83052680929882,mild_damage,5.40460640649274
334,5.37228059966521,5.32948282101383,mild_damage,5.37371038110192
335,5.55662320935573,5.49700240334578,mild_damage,5.32807562088834
336,5.25975444465286,5.29011015026354,mild_damage,5.30628064679118
337,4.93118475354201,4.85575835230202,mild_damage,5.28242332389042
338,5.26923433736666,5.36328189395122,mild_damage,5.24280899989706
339,5.12122227867645,5.03535523536458,mild_damage,5.17962824006172
340,4.84789348457819,4.93522268400692,mild_damage,5.1423946817131
341,5.13667945487887,5.26679538556491,mild_damage,5.08691821460508
342,5.11012400086369,5.00704429504265,mild_damage,5.0423457281777
343,4.94778545665247,5.04235454821119,mild_damage,4.98773852072007
344,5.26172409486938,5.30324289564711,mild_damage,4.95354611130625
345,4.79220642179138,4.80145902954697,mild_damage,4.97934860442934
346,4.72985570943511,4.7108185075862,mild_damage,4.96544928460214
347,4.88232134995115,4.86746521455077,mild_damage,4.92428117172478
348,4.92774627906443,4.99837980267855,mild_damage,4.92846408362043
349,4.71263163345639,4.66089552460309,mild_damage,4.86138293476984
350,4.72667796850879,4.6778942914813,mild_damage,4.82556140324112
351,4.52999892724994,4.77722400905631,mild_damage,4.80172950663358
352,5.11547608337525,5.24279574914828,mild_damage,4.74611429218169
353,5.0678116906021,5.15479209654323,mild_damage,4.74892657781693
354,4.34119287701987,4.41783354220419,mild_damage,4.75202567102301
355,4.99999625905846,4.99796636244176,mild_damage,4.70085416967871
356,4.39974216989351,4.26057815280606,mild_damage,4.64049383284117
357,4.48500357002697,4.46972132211184,mild_damage,4.60604134628474
358,4.623961038964,4.68487609909811,mild_damage,4.58831325642296
359,4.4152901469581,4.46901467886865,mild_damage,4.545229448127
360,4.71528854473817,4.84364331407567,mild_damage,4.48434758993755
361,4.65953184035853,4.75730490567732,mild_damage,4.43099996627225
362,4.06358652826635,4.0998926943863,mild_damage,4.40009034001707
363,4.13711290498567,4.09297475011537,mild_damage,4.33570639757648
364,4.16672193155603,4.14410822625665,mild_damage,4.31064512916709
365,4.3711235311239,4.41197294355461,mild_damage,4.276073076821
366,4.16864752330227,4.13096688461691,mild_damage,4.24907729855908
367,4.36514842587479,4.32956787630654,mild_damage,4.19566010552215
368,4.23822797190394,4.35457774156372,mild_damage,4.110894251462
369,3.95820257591053,3.95418914837654,normal,4.06380685813598
370,4.1587062742607,4.03220722583286,mild_damage,4.02905699078759
371,3.95044166940709,3.88465912666529,normal,4.01366430882426
372,3.94378473809611,3.95114053692048,normal,3.99372745240547
373,4.31826424071408,4.27993942516926,mild_damage,3.94970374503866
374,3.67967939181369,3.66775678331479,normal,3.91955006205737
375,3.57634409295577,3.57215550317338,normal,3.88071480208928
376,4.04801539850072,4.05099400578699,mild_damage,3.85694821087858
377,3.60921781267057,3.57864468416048,normal,3.83535943821715
378,3.86284492662785,3.86208452066538,normal,3.82414757481558
379,3.91092530501269,3.84505537997481,normal,3.80206801586031
380,3.77963355523656,3.75161733305243,normal,3.7871560788484
381,3.69048657888944,3.67866163989764,normal,3.73395812397683
382,3.73871733078124,3.74703897678512,normal,3.74678497383234
383,3.98974446020681,3.99807887340322,normal,3.75056583737054
384,3.59235488291199,3.63035755845506,normal,3.73740056240753
385,3.81355959071722,3.86402927480937,normal,3.73389618949848
386,3.54011693626727,3.55346574233619,normal,3.71738922477123
387,3.75225872436137,3.72746148174181,normal,3.70783243360769
388,3.46597231555814,3.48197010209585,normal,3.69316483085884
389,3.8225787851949,3.86015953114744,normal,3.66853837895522
390,3.59502092584474,3.62886845624624,normal,3.63939856501973
391,3.85044051994766,3.85351488134198,normal,3.58631867327281
392,3.56974721119784,3.52607909052464,normal,3.53802536024592
393,3.65314149033774,3.61448004975673,normal,3.50489906348006
394,3.71268665975594,3.70170351252171,normal,3.4950052686468
395,3.51598467764766,3.53160329181953,normal,3.46463801401026
396,3.32694708352222,3.30926486134338,normal,3.44433362188914
397,3.35700665206675,3.30994176775282,normal,3.39707248238468
398,3.16225080074968,3.20188049719938,normal,3.38173272900388
399,2.91953470750854,2.90595786305169,normal,3.33998083959501
400,3.33712361824128,3.36713482332147,normal,3.33681228737324
401,3.39194569101321,3.40505881983726,normal,3.31320381193829
402,3.3111103836108,3.27195266219385,normal,3.29166544472267
403,3.17574992591008,3.17740422027898,normal,3.24609048227311
404,3.1310264458069,3.1512424385806,normal,3.22553406540034
405,3.41934410169183,3.39877215553416,normal,3.22190073937635
406,3.24806604194251,3.22723654020896,normal,3.23343351980995
407,3.46894102717607,3.47855080719811,normal,3.2139311278071
408,3.29148833440487,3.2603529182325,normal,3.18855119058281
409,3.39907873857853,3.37862800428732,normal,3.18411306818626
410,2.80820459805833,2.8479788550761,normal,3.16489124840459
411,3.01123348652503,3.00091860825194,normal,3.13879014221126
412,3.2418021438332,3.25544187739295,normal,3.10544000651379
413,3.38953658032224,3.37487220370341,normal,3.0665546055101
414,2.65973185106472,2.61342198300895,normal,3.04868466077913
415,3.00078904323367,2.98643576495705,normal,3.00898209442146
416,3.35533302596,3.33848698388897,normal,2.98039568783148
417,2.97759294778048,2.9836253654689,normal,2.9437543159187
418,2.8009790337696,2.78588762737891,normal,2.9527445578607
419,2.62067865463959,2.6509904031186,normal,2.95013584636186
420,2.87716535232996,2.81549114047884,normal,2.89665090397302
421,2.94751766760073,2.95918736924442,normal,2.86534657113672
422,2.89897897313761,2.88301231183305,normal,2.8679838220592
423,2.80261890004919,2.83155681938272,normal,2.85591223437805
424,2.8269600964071,2.82900742559563,normal,2.80084660604941
425,2.93387684847066,2.98283248420618,normal,2.79797903377433
426,2.97404341220872,2.96178793576936,normal,2.80510024403683
427,2.46269308123155,2.45316774156024,normal,2.79890036336721
428,2.89104961314728,2.90530721115898,normal,2.78012631333292
429,2.62137620877243,2.65298074684607,normal,2.78206685908325
430,2.84159999370036,2.80536194973985,normal,2.77957584159641
431,2.59200393431044,2.51250255895941,normal,2.73868991084941
432,2.94632419343048,2.94061178134276,normal,2.72897583608021
433,2.88523849598728,2.89270578131634,normal,2.70822993649324
434,2.51229659202466,2.55799219307426,normal,2.66773896814713
435,2.54170130488492,2.53388038996452,normal,2.6600897011443
436,2.98554112923088,2.98829555549942,normal,2.6401406739772
437,2.82553284890933,2.84564704953034,normal,2.61475410087398
438,2.23682214173052,2.21826785817784,normal,2.60662913674913
439,2.71371619759982,2.68329630405758,normal,2.60845081959299
440,2.67854161484693,2.67164399040162,normal,2.55747412191156
441,2.40772273658257,2.35442341057779,normal,2.54454524778492
442,2.3232623773857,2.33842873651778,normal,2.53088180390132
443,2.63716239739126,2.60607180365244,normal,2.52350189953472
444,2.31885040917344,2.27218215029768,normal,2.5156855465338
445,2.68173127653253,2.68348748786721,normal,2.48918992583152
446,2.52547585322082,2.53982780161724,normal,2.50348156919221
447,2.18299726027026,2.17596131612131,normal,2.50584449419185
448,2.68284561092829,2.69877266941669,normal,2.50826391952835
449,2.33041515902975,2.35304053482028,normal,2.50631715379492
450,2.40272581844564,2.42318182446552,normal,2.50396739478619
451,2.87728787385723,2.8710502604857,normal,2.48108127411068
452,2.4402523166773,2.44821273899605,normal,2.49749491265655
453,2.44921061544874,2.43264250858824,normal,2.47611462744054
454,2.67344937160534,2.71874017905219,normal,2.4781249569291
455,2.72953454748393,2.70793537044912,normal,2.5120956058147
456,2.35979870577671,2.32522192457637,normal,2.50737400390192
457,2.32196766503776,2.30318235138686,normal,2.50347690466725
458,2.28360784624412,2.2627799935197,normal,2.49000549204024
459,2.55674321241087,2.51838672848577,normal,2.47289275042037
460,2.40109154854989,2.362783209627,normal,2.47732014856567
461,2.51810262074543,2.5699827439457,normal,2.48612731224339
462,2.68350705454859,2.68552104940526,normal,2.47352034246162
463,2.65566164335632,2.62794864072508,normal,2.43230317014026
464,2.26257081588161,2.29458404630026,normal,2.42659562119588
465,2.24986402234657,2.22111063506024,normal,2.42788508442525
466,2.56833201151892,2.61435913618777,normal,2.4347511625031
467,2.52337258262702,2.51462371117552,normal,2.42830430124956
468,2.58780957664299,2.56474996375397,normal,2.42766817481808
469,2.49002661788231,2.52963563232567,normal,2.40840585168126
470,2.10640892867186,2.08967778562874,normal,2.39589676026312
471,2.23934036022972,2.23960869041063,normal,2.38662514367617
472,2.30070948323745,2.32252429982742,normal,2.3934415086757
473,2.35705973886413,2.36577116468745,normal,2.40448422022427
474,2.44085529466718,2.42168380968273,normal,2.37511005833448
475,2.41643009772509,2.35324131315473,normal,2.38766738799565
476,2.30451103871001,2.28104789689346,normal,2.39982217009943
477,2.4774097591174,2.49788467813316,normal,2.40001751088628
478,2.45658189250751,2.48887439192087,normal,2.41181953720496
479,2.38946051121052,2.39682952129319,normal,2.43390585901231
480,2.35893790761749,2.38675130828877,normal,2.42945305762929
481,2.16406228035608,2.17374670784082,normal,2.44037144158957
482,2.65941606923171,2.70298365609312,normal,2.4488479289682
483,2.70209773215413,2.74707169531065,normal,2.47157596730339
484,2.55006519207043,2.5325657441284,normal,2.49919509532761
485,2.26610334864993,2.26670818040903,normal,2.50873567268195
486,2.55286523957995,2.57090351752089,normal,2.49258576339885
487,2.21723252702436,2.25573227908205,normal,2.5142723395259
488,2.52511736361828,2.52954692409164,normal,2.50931522426919
489,2.56427609626735,2.54883112036225,normal,2.52149098816259
490,2.69505900858366,2.69416188818259,normal,2.5496823727244
491,2.73532408084085,2.69533481725671,normal,2.53082738420137
492,2.65695937208896,2.64099333844827,normal,2.52712341840269
493,2.27241176406335,2.24662575267437,normal,2.55105270610164
494,2.71665899959919,2.72212816319897,normal,2.5423072248026
495,2.31971853415858,2.31239457943814,normal,2.57730964976942
496,2.32201325200532,2.35638316624176,normal,2.57947895136616
497,3.11996145921071,3.12585442452033,normal,2.58223025658079
498,2.49825290514561,2.46424686746508,normal,2.57190339911003
499,2.46382843587636,2.47700625714826,normal,2.56748182714464
500,2.6555038642469,2.62564749589334,normal,2.55587734858763
501,2.43350180400619,2.4397212980352,normal,2.59571035122399
502,2.70741088171695,2.78076865358435,normal,2.58672093511301
503,2.57521571782917,2.56208644804272,normal,2.60417134475274
504,2.58405072905522,2.59010069858171,normal,2.61778118575627
505,2.50488465369372,2.53925902612126,normal,2.58724204989928
506,2.659463995678,2.62901123777591,normal,2.62572490283176
507,2.42929646736348,2.46692616009308,normal,2.65457252994871
508,2.85614562316235,2.84412079221978,normal,2.63493506153649
509,2.56230606863509,2.5872869215342,normal,2.64785821551755
510,2.59016464003742,2.57415072403411,normal,2.64352641896786
511,2.50860948320824,2.56053078129468,normal,2.64641150533886
512,2.63197148244815,2.66776738666548,normal,2.66167334553811
513,3.06207346230655,3.04148966145229,normal,2.66998234258875
514,2.85484436881496,2.90972066390254,normal,2.69566635375939
515,2.33946865268949,2.33108546970999,normal,2.71708201515382
516,2.609370364368,2.63356860775121,normal,2.69923455434207
517,2.71045538689053,2.71579170533897,normal,2.72648315832872
518,2.60550891829754,2.60536274360773,normal,2.73504808178905
519,2.7580984541982,2.81902830157044,normal,2.75942253677022
520,2.71005250135302,2.66389398188077,normal,2.79812043673974
521,3.05979478157834,3.01427140533556,normal,2.79556617921685
522,2.76380465626003,2.78816108100955,normal,2.81480874310747
523,2.64131579300741,2.57640888004349,normal,2.86284051923776
524,2.97136631925149,2.99601598133392,normal,2.88660688660044
525,2.66341408208513,2.70262457593913,normal,2.92499545251131
526,2.97073967603295,2.92614760601225,normal,2.93621229465427
527,3.2492116683646,3.24823588620831,normal,2.99581056981028
528,3.02113868575944,3.00317579860888,normal,3.02726852096804
529,3.17037874361657,3.19835912226191,normal,3.04329856301395
530,3.07056015893096,3.05156211166428,normal,3.06365548976905
531,2.96595045433993,2.99006411819138,normal,3.08599023516835
532,3.31454933329024,3.2916201940021,normal,3.0779532875056
533,2.7412934202042,2.7736153757521,normal,3.13587192533029
534,3.70181802097338,3.71300242891051,normal,3.14034051624672
535,3.17133989454067,3.13576324924719,normal,3.13017304847436
536,3.28925492140781,3.25472203602426,normal,3.14886384779979
537,3.09181551976995,3.09351498233603,normal,3.14772286692495
538,2.97077154101861,2.91143006103305,normal,3.17345812388581
539,2.84798934870716,2.87546176639263,normal,3.20150271168739
540,3.52711038198962,3.57140414330941,normal,3.20186980659119
541,2.97333603841779,2.99317646975873,normal,3.25495048411979
542,3.13014810146099,3.09572386962296,normal,3.22433283920474
543,3.27632322218498,3.28353778849034,normal,3.23855138282935
544,3.11411321532115,3.18124440913935,normal,3.26619127150101
545,3.39986055147535,3.43759096607718,normal,3.29816059962797
546,3.39435900281409,3.41073293521504,normal,3.34679158628855
547,3.27090320219123,3.29712661755913,normal,3.41032571291112
548,3.52952310354258,3.56982553868107,normal,3.41774036079721
549,3.24797549166034,3.25373775518468,normal,3.46098111053528
550,3.352236886474,3.34904140361642,normal,3.50245136907716
551,3.67741366180726,3.66932036609907,normal,3.53705902241509
552,3.56820895192946,3.57305490424055,normal,3.54722139300757
553,3.6478632007961,3.64089486094169,normal,3.56314975715866
554,3.8513971401073,3.8284736657312,normal,3.57306880790627
555,3.71051361448056,3.6826238616008,normal,3.61452359021313
556,3.62355170217153,3.64178771582974,normal,3.64850335735716
557,3.73473107553636,3.71777774775119,normal,3.71129927237715
558,3.83088795477,3.80265258855923,normal,3.73549522490013
559,3.37482007399906,3.33367996802658,normal,3.74749099482809
560,3.71772337481926,3.67651642834355,normal,3.80449194322127
561,3.53892043740848,3.55951869642924,normal,3.82863868545837
562,3.92986998947495,3.91894835216199,normal,3.83742818163246
563,4.02999796163553,4.07952204584146,mild_damage,3.85789554362698
564,4.09844408457248,4.19567648048451,mild_damage,3.89533434336864
565,3.71998558825347,3.71198069146121,normal,3.93001950617589
566,3.82749334270594,3.84925691501835,normal,3.94419036040295
567,4.19639299648871,4.42806913013827,mild_damage,3.99278213407613
568,4.02992537800715,4.0030959944982,mild_damage,4.02869754592402
569,3.94688781904588,3.96031610834256,normal,4.07252044147915
570,4.01407216281176,3.98963429151855,mild_damage,4.08337227207172
571,4.11401387839725,4.20336971195475,mild_damage,4.0994147107492
572,4.27007305345094,4.23805518985986,mild_damage,4.13956981528465
573,4.0485876489075,4.0152154019651,mild_damage,4.20278717309997
574,4.00951822991531,4.06255657312428,mild_damage,4.22551086306408
575,4.21698782792169,4.21524760606193,mild_damage,4.22283339255726
576,4.27163310002899,4.21686212975619,mild_damage,4.23406000818267
577,4.25507118110395,4.08172581105064,mild_damage,4.25641320036305
578,4.43278819407835,4.32015862600362,mild_damage,4.30972867005154
579,4.84125563488153,4.79800304851617,mild_damage,4.35447606961602
580,4.59717598387963,4.66024105869115,mild_damage,4.41126077862419
581,4.13419813871202,4.19011226447996,mild_damage,4.43996136534884
582,4.34421210648107,4.38790707253595,mild_damage,4.49646609513882
583,4.08926931819123,4.17149522887939,mild_damage,4.51216219416923
584,4.31156365050194,4.29561399104828,mild_damage,4.57674740596681
585,4.75884063573888,4.7893663368458,mild_damage,4.63569817185802
586,4.87952904567071,4.87458070542198,mild_damage,4.65552064084064
587,5.05388736689548,5.08982582498249,mild_damage,4.61953261122508
588,4.4605641677308,4.44572420283481,mild_damage,4.6315451964174
589,4.82750555836649,4.91012751997396,mild_damage,4.66912394469456
590,4.57562405316033,4.45068909151811,mild_damage,4.68569624850406
591,4.9966863567652,5.18564030671981,mild_damage,4.7348417827879
592,4.98760772779604,4.96598729941884,mild_damage,4.75696001410197
593,4.71606408950277,4.61749566074295,mild_damage,4.8004349166564
594,4.34978493722535,4.25818260428275,mild_damage,4.8069388315968
595,4.84373131677891,4.84042983657592,mild_damage,4.79276197464218
596,4.649649481289,4.75379348863736,mild_damage,4.84945286540093
597,4.71195608840939,4.63649162967846,mild_damage,4.84716469530812
598,4.87515638109072,4.90867824313692,mild_damage,4.92017075395357
599,4.69344925355594,4.62738746075945,mild_damage,4.92031385286202
600,5.36511609730237,5.44148987516221,mild_damage,4.94740609900527
601,5.01627309772526,4.97213942952798,mild_damage,4.99854960948188
602,4.94097417017683,4.87717297066321,mild_damage,5.04937736664177
603,5.12197503193069,5.29608756421598,mild_damage,5.07578855679357
604,4.85344686582653,4.87580496858185,mild_damage,5.1136968347894
605,5.44112344976618,5.54577997119992,mild_damage,5.17375118541669
606,5.11118752720194,5.18778679034651,mild_damage,5.22137570543048
607,5.35554947967223,5.37237099156759,mild_damage,5.28966670170357
608,5.27637623562451,5.38464831789212,mild_damage,5.28342559478059
609,5.02972552397214,5.02059896168108,mild_damage,5.34719191013476
610,5.19291324436982,5.23659768885285,mild_damage,5.412393329827
611,5.44671979895085,5.3224176585748,mild_damage,5.45058460933839
612,5.63506390842523,5.5373068890878,mild_damage,5.48116969716206
613,5.56182795065194,5.6230460433438,mild_damage,5.50260654615827
614,5.68008053649396,5.65175240485579,mild_damage,5.54702014523034
615,5.38068697389456,5.34787327131749,mild_damage,5.56158967050249
616,5.89789483270813,5.92863415984055,mild_damage,5.59108684251701
617,6.06551835659169,5.85519426604682,mild_damage,5.63883249757033
618,5.89778099585422,5.86895675688689,mild_damage,5.69036113587292
619,5.42097106678348,5.33458128593682,mild_damage,5.73093046065081
620,5.82954636418819,5.86733270614314,mild_damage,5.76401301822076
621,5.85154694516011,5.85399077642754,mild_damage,5.79219007641841
622,5.71347402961672,5.5909138706499,mild_damage,5.82269418776033
623,5.83505371704533,5.82710589810992,mild_damage,5.87864657998887
624,5.75484644645046,5.73678378748091,mild_damage,5.89053124552241
625,5.96758022575989,6.00952726339162,mild_damage,5.88286239554007
626,5.98101352308355,5.93095753024317,mild_damage,5.90840819944044
627,6.14150451098612,6.03354525263705,mild_damage,5.96122421117614
628,6.05174798459739,6.04570191630847,mild_damage,5.99441464696355
629,6.06921030166254,6.10931407498465,mild_damage,6.03800617534577
630,6.15828747288262,6.18715915474557,mild_damage,6.08286504531905
631,6.05405650500826,6.10690414284365,mild_damage,6.11027557045545
632,5.81510135249254,5.74016151631182,mild_damage,6.13242812157798
633,6.32029738230919,6.25214381539238,mild_damage,6.14904292586888
634,6.18035194737343,6.12682146197225,mild_damage,6.20339842006632
635,6.315808833882,6.36518924295441,mild_damage,6.249560560655
636,6.48517245387081,6.50786370216075,mild_damage,6.30139213189862
637,6.23571886408644,6.26379692024915,mild_damage,6.35347430581054
638,6.15686346201481,6.23826377515597,mild_damage,6.36703658982842
639,6.0148595579201,6.06907205431875,mild_damage,6.41247825023767
640,6.27268229022259,6.2587493277552,mild_damage,6.50197225542389
641,6.73336150713609,6.74628994320478,mild_damage,6.50776529547394
642,6.54773083856681,6.72597736146722,mild_damage,6.54384244585247
643,6.7078413643035,6.82317548496275,mild_damage,6.57788091515579
644,6.92642952813873,6.8905466836634,mild_damage,6.60364465086483
645,6.53976361766794,6.39059341501381,mild_damage,6.63061103915442
646,6.81992272212518,6.78852904898241,mild_damage,6.67053410190878
647,7.06243704212432,7.08257159410512,severe_damage,6.70254299675999
648,6.49885021137249,6.33903941614313,mild_damage,6.72837167589001
649,6.56374821123658,6.66797871765022,mild_damage,6.74327552189352
650,6.76221993817702,6.87576628250423,mild_damage,6.7909197484656
651,6.89525187112723,6.89431973779634,mild_damage,6.81090390985098
652,6.69966648272261,6.668292744593,mild_damage,6.84027135110831
653,6.77699727061497,6.83710971647128,mild_damage,6.9050595448392
654,6.49071933748172,6.54920547708696,mild_damage,6.9011335685667
655,6.65642670708092,6.64617951470552,mild_damage,6.91415198656582
656,7.05329744413886,6.96984763325743,severe_damage,6.96522630905873
657,7.40200288158427,7.44064076004843,severe_damage,7.04776036270919
658,6.9740186528797,7.12293790574342,mild_damage,7.05989364632816
659,7.54931223853136,7.3310583025234,severe_damage,7.08707197457935
660,7.10471120157962,7.36241632097717,severe_damage,7.12820265274713
661,7.00507395275338,6.7296394048949,severe_damage,7.13412439040029
662,7.40338794570268,7.27784786409185,severe_damage,7.21790078318773
663,7.01898317880733,7.10515425353676,severe_damage,7.26712005556614
664,7.73956316534185,7.90598952240722,severe_damage,7.33443039161315
665,7.18728851870386,7.05776553678877,severe_damage,7.34921399357716
666,7.3295647581969,7.30199466156409,severe_damage,7.38511844782166
667,7.40768014845533,7.28525291710973,severe_damage,7.39042818361606
668,7.15711832496192,6.92593578126869,severe_damage,7.40858041962571
669,7.63470736912272,7.80585136889863,severe_damage,7.4735214028047
670,7.45667338901933,7.38446860038166,severe_damage,7.48856755520757
671,7.97491575983809,7.97950267396247,severe_damage,7.52735155580793
672,7.34544115416831,7.66239478950871,severe_damage,7.52590350263239
673,7.61023874051218,7.66150471941081,severe_damage,7.61257534290062
674,7.41463485053489,7.41070433943943,severe_damage,7.6527013242861
675,7.52665815246423,7.63469986112196,severe_damage,7.69473081709964
676,7.66770617095766,7.70375415257976,severe_damage,7.73306099306294
677,7.68450166211948,7.50354015013492,severe_damage,7.74831938029182
678,7.57677285162747,7.68691426254204,severe_damage,7.78744603479762
679,7.8830085168674,7.88426872477422,severe_damage,7.78420830596121
680,8.37119222453374,8.35784314081216,severe_damage,7.79351116414612
681,7.78959686718286,7.90388438234633,severe_damage,7.83365727643193
682,7.88636783181416,7.91569530931281,severe_damage,7.88276354824461
683,7.58308199018429,7.50088842071822,severe_damage,7.88772951464387
684,8.21583757830072,8.03472717733178,severe_damage,7.93904978181551
685,7.87369030619011,7.97136841796865,severe_damage,7.99200380722176
686,7.81281958713627,7.93093674141633,severe_damage,8.02922767018364
687,7.77145206445811,7.80193766228245,severe_damage,8.04242483088296
688,8.24993628335512,8.26369640369794,severe_damage,8.0501537006933
689,8.16075971042077,8.14729841662965,severe_damage,8.06124407163819
690,7.72693531451284,7.70918935711076,severe_damage,8.08762898084603
691,8.50506583491516,8.47355816015446,severe_damage,8.15554589503529
692,8.08281177352066,8.29785053122861,severe_damage,8.18810998353055
693,8.07118063785252,8.24527220697018,severe_damage,8.22084415060718
694,8.13815430059064,8.08222613526404,severe_damage,8.24759370686046
695,8.36281774757156,8.47377618796723,severe_damage,8.30903019846408
696,8.15720685866142,8.07023994651979,severe_damage,8.29711711036933
697,8.4189906232567,8.31146894743032,severe_damage,8.31833254323502
698,8.53798112814231,8.51964213355715,severe_damage,8.37779175470583
699,8.49209743043016,8.52318850476062,severe_damage,8.40375470264698
700,8.54720093330815,8.46238092411814,severe_damage,8.40274468992121
701,8.54806300102379,8.33218008521555,severe_damage,8.43154135816421
702,8.60343334826288,8.72348503633683,severe_damage,8.46934011352067
703,8.15191901565671,8.08500008227661,severe_damage,8.48122938593551
704,8.46208627891603,8.46552990961508,severe_damage,8.53606819517003
705,8.51336819760903,8.60107752917277,severe_damage,8.58122425151482
706,8.85049465314556,8.86300237927183,severe_damage,8.59125912248003
707,8.27930151716039,8.28270034034197,severe_damage,8.58441462627376
708,8.62359836598557,8.6772222306152,severe_damage,8.60564520364671
709,8.56689999308826,8.64920746561088,severe_damage,8.64224184075961
710,8.73858903784648,8.65211527418992,severe_damage,8.66954616619635
711,8.84002036223483,8.89282208503756,severe_damage,8.70466000313168
712,8.89780046053957,8.98880979260218,severe_damage,8.75737908939603
713,8.61725260691196,8.67016519803527,severe_damage,8.78780572897739
714,8.64892539153144,8.42052106166668,severe_damage,8.77970158766608
715,8.60872751114729,8.78083958471228,severe_damage,8.82075241651615
716,9.0371751573063,8.88112964190913,severe_damage,8.8416258979901
717,8.84126138964547,9.13304991788791,severe_damage,8.88027768202911
718,8.71091999814027,8.61170763630653,severe_damage,8.88109834494426
719,9.28925001967005,9.2563162035803,severe_damage,8.91326183885201
720,8.89407627793061,9.05747712289329,severe_damage,8.91577836165846
721,8.94516167617083,8.74144025960212,severe_damage,8.9369640736885
722,8.82889652774317,8.89846277309304,severe_damage,8.97574971411963
723,8.87997290812408,8.99032445272448,severe_damage,8.99039023769922
724,9.14829321178176,9.22898422619601,severe_damage,9.01365061592506
725,8.77349331838894,8.66442521791715,severe_damage,9.02832515217723
726,9.30700047307689,9.37527449365375,severe_damage,9.05256911532021
727,9.17348940030268,9.02655763469893,severe_damage,9.03798534460951
728,8.94313016148753,8.98795087848597,severe_damage,9.04123936164806
729,9.08507234864822,9.00230566813357,severe_damage,9.07356579773737
730,8.97205449360056,9.00044743840613,severe_damage,9.11151700614993
731,9.3524022186053,9.23003531529679,severe_damage,9.12102911346233
732,9.29119854940512,9.35316796167043,severe_damage,9.12228953779408
733,9.04916023353247,8.9753670834511,severe_damage,9.15846261243659
734,9.16534154618968,9.03755964291988,severe_damage,9.16959325437239
735,9.43725860405604,9.10628737847151,severe_damage,9.16959382623597
736,9.15575407526505,9.22633680094184,severe_damage,9.20294444631836
737,9.20696110750867,9.46773089928149,severe_damage,9.24993023450276
738,9.21631091774578,9.13300606241043,severe_damage,9.24562520162422
739,9.03206081319432,9.2478905911722,severe_damage,9.26895050549189
740,9.23472564959386,9.20702133755481,severe_damage,9.26479798895061
741,9.66406899842977,9.54223412269081,severe_damage,9.30676369433313
742,9.01417057306645,9.0265662126525,severe_damage,9.32721747028068
743,9.54944995100348,9.48821017972193,severe_damage,9.35471726018557
744,9.60293080759361,9.70709249089951,severe_damage,9.36348548306935
745,9.06476388551181,8.9358719452281,severe_damage,9.37516824717196
746,9.56050459895423,9.57991487331175,severe_damage,9.36997719221461
747,9.24771455283028,9.29088021355122,severe_damage,9.38165681951191
748,9.58576590870637,9.60485266418899,severe_damage,9.41634192627397
749,9.30138577891812,9.34436628213315,severe_damage,9.42152864990199
750,9.58232104093217,9.51878422704482,severe_damage,9.44034266381916
751,9.5797039931568,9.35786014419859,severe_damage,9.42949879774059
752,9.5922609539632,9.64297236082052,severe_damage,9.41166338650535
753,9.19698425127943,9.05514023805024,severe_damage,9.4483270833441
754,9.25604133243699,9.42308500063166,severe_damage,9.46971145048872
755,9.77349887654404,9.72729793898568,severe_damage,9.49198591779677
756,9.49062472175161,9.62003497711119,severe_damage,9.48957240324893
757,9.05013697315266,9.30877642140998,severe_damage,9.4967382577774
758,9.37645530568117,9.3255521885434,severe_damage,9.49277336097263
759,9.52982865282247,9.43956132237099,severe_damage,9.51058749293132
760,9.31907067945759,9.48582739780923,severe_damage,9.51138857856469
761,9.85314557764829,9.90068038048111,severe_damage,9.54773706602461
762,9.61940479805305,9.62499722317193,severe_damage,9.58887827349551
763,9.54731671120045,9.56864994597142,severe_damage,9.56756955494926
764,9.56270646690063,9.4518541000602,severe_damage,9.54307659813642
765,9.3018340061812,9.45931077497336,severe_damage,9.55761764134388
766,9.69405571598356,9.62507212357892,severe_damage,9.58283308289877
767,9.48847219827861,9.65498864532098,severe_damage,9.60922942999167
768,9.67329004080932,9.60036754994912,severe_damage,9.62682046767984
769,9.8218146608859,10.0402031126952,severe_damage,9.61450603209146
770,9.36309764859869,9.40766716079181,severe_damage,9.61997974368346
771,9.71804621692392,9.25264062491866,severe_damage,9.61752657789133
772,9.55428118537336,9.52689206952185,severe_damage,9.62226676978776
773,9.51478873054656,9.70378381186677,severe_damage,9.64256517198849
774,9.88333657874917,9.83550652876448,severe_damage,9.66673167389014
775,9.84728888181596,9.74969296313182,severe_damage,9.67969711406188
776,9.64863833465774,9.7159638466553,severe_damage,9.66461274657628
777,9.48750288728411,9.70710289705206,severe_damage,9.63215495616698
778,9.42056342508801,9.53185245908946,severe_damage,9.65295459036875
779,9.50596431298735,9.52295697850659,severe_damage,9.70412498875025
780,9.68650431961902,9.76378680798436,severe_damage,9.68100848470982
781,9.90982002958099,9.98756965210362,severe_damage,9.67776802259441
782,9.87649224214817,9.84947024789715,severe_damage,9.67156106100066
783,9.3144617612677,9.37410203766502,severe_damage,9.65054558351101
784,9.55527594845537,9.55333625655572,severe_damage,9.63199967298247
785,9.61444122691072,9.71966167381835,severe_damage,9.63553842581971
786,9.92703258394904,10.0201966006412,severe_damage,9.65045939709688
787,9.39427582497611,9.18014450891539,severe_damage,9.65100437836629
788,9.73721647472238,9.65517688013564,severe_damage,9.65396456487598
789,9.9269776466553,9.74240210485826,severe_damage,9.65486570490876
790,9.42005061374447,9.43446080078695,severe_damage,9.63610822411257
791,9.77943376947402,9.43777518872734,severe_damage,9.63965513700228
792,9.77789073754657,9.76018418961061,severe_damage,9.67883350323565
793,9.59694383785988,9.75566702824707,severe_damage,9.65594276295134
794,9.4656874553469,9.53113169754768,severe_damage,9.64363003115151
795,9.59646105540746,9.80818960562978,severe_damage,9.70159750000378
796,10.0032785782779,10.0010867525953,severe_damage,9.67113770760684
797,9.64877675158115,9.56810803595422,severe_damage,9.68037886601179
798,9.70251987620814,9.42730573101077,severe_damage,9.63438875107855
799,9.74568174057806,10.1410117500562,severe_damage,9.62282690905886
800,9.33268448722156,9.37630056955365,severe_damage,9.59735091853945
801,9.6756658269427,9.83550562364378,severe_damage,9.59006715765358
802,9.96937244930905,10.0496565416994,severe_damage,9.5823392113304
803,9.25638158335843,9.1982799941815,severe_damage,9.58607689730608
804,9.92896536133033,9.88101948093255,severe_damage,9.52811157316826
805,9.12328754088649,8.74460907678844,severe_damage,9.50646812475031
806,9.41529013588784,9.26434755843197,severe_damage,9.55044178070628
807,9.44166789339608,9.37804433181939,severe_damage,9.49710405638743
808,9.74559168156069,9.64641061495912,severe_damage,9.53544113840988
809,9.30607740394784,9.41521250269994,severe_damage,9.48566806883372
810,9.79576276827408,9.86425489526501,severe_damage,9.43364308913722
811,9.20753249526216,9.131606890528,severe_damage,9.46065309592887
812,9.42115314780457,9.24345630968499,severe_damage,9.45338919668202
813,9.96964244895011,10.0869105703503,severe_damage,9.54032887560608
814,9.35300329363715,9.34094588527345,severe_damage,9.56625909073245
815,9.9012324378902,9.95135679989039,severe_damage,9.57127847980247
816,9.03700359295762,9.08890958000136,severe_damage,9.54652602311496
817,9.28720562126295,9.26928184625188,severe_damage,9.52327408487977
818,9.49599937523884,9.6034300960562,severe_damage,9.48020828292923
819,9.73786938799702,9.77206099222984,severe_damage,9.50866089984454
820,10.0417057946834,10.0487042606494,severe_damage,9.54886308348702
821,9.81301276364141,9.65330078532749,severe_damage,9.47465801940569
822,9.44735617182006,9.4533351678696,severe_damage,9.472703121258
823,9.13759415622521,9.27512376464648,severe_damage,9.39858369131283
824,9.12774711633844,9.0664334291721,severe_damage,9.40450461551162
825,9.1581063759855,9.21826786600689,severe_damage,9.42239060830758
826,9.46314953437401,9.55839614425776,severe_damage,9.41960840871792
827,9.34690131440537,9.84648906432214,severe_damage,9.38499587563622
828,9.08160328827917,8.97383460913032,severe_damage,9.31781312059991
829,9.34221741887239,9.31162241305809,severe_damage,9.30434583682756
830,8.90405219910993,8.83956535071296,severe_damage,9.27934987921545
831,9.40766888214582,9.17772344298307,severe_damage,9.26522968852282
832,9.51001705910696,9.53757173819127,severe_damage,9.24063049412053
833,9.51288442688039,9.56169710221141,severe_damage,9.20839806220948
834,9.3072414532565,9.25287299600427,severe_damage,9.19656575462152
835,9.04770589195223,9.04096293510483,severe_damage,9.16140683672844
836,9.46664856089199,9.45129152874216,severe_damage,9.16455926437435
837,9.12372692521271,9.07839580368801,severe_damage,9.12850161298719
838,9.19136013459161,9.06332090425707,severe_damage,9.12449695672262
839,8.80533990412343,8.69744551313768,severe_damage,9.12263707433003
840,8.872336217161,8.73478138734114,severe_damage,9.06996984387886
841,9.2760747425776,9.38091153043839,severe_damage,9.05900527092729
842,9.32298693005199,9.31910529592589,severe_damage,9.02856354704734
843,8.97191347234148,9.02112102381896,severe_damage,9.0256941090804
844,8.87591624846618,8.77075764225078,severe_damage,8.98606753469988
845,9.10444628516705,8.77949550674439,severe_damage,8.95194284172769
846,9.14235921838235,9.14982520709416,severe_damage,8.92312804241312
847,8.6536458545628,8.74756328142376,severe_damage,8.93766540573123
848,9.22569222160815,9.39722850793794,severe_damage,8.92017950933582
849,9.06949568894595,8.79624713780495,severe_damage,8.89220669691034
850,8.95338861133653,8.99792136560071,severe_damage,8.87280517260609
851,8.83311582652501,8.85689291303436,severe_damage,8.85582377269534
852,8.55960295553862,8.56652540910515,severe_damage,8.84714771123672
853,8.64768976094529,8.63109891453859,severe_damage,8.83422868045959
854,8.62380792119174,8.91550596290925,severe_damage,8.79945306279665
855,8.64618918769611,8.47249294141006,severe_damage,8.79600482370314
856,8.93111075416031,8.9613193440562,severe_damage,8.74072980751145
857,8.96181428964535,9.02808243136203,severe_damage,8.71774671575258
858,9.06290783529513,8.76640002515773,severe_damage,8.67928405026773
859,8.57479573453842,8.64061672037155,severe_damage,8.65435463768144
860,8.3670059079625,8.58571004508743,severe_damage,8.64050153176685
861,8.67121606430317,8.62819094215001,severe_damage,8.61092260743477
862,8.73953050104396,8.69583969502109,severe_damage,8.59517977589386
863,8.78653487277091,8.56810326506254,severe_damage,8.59869018113989
864,8.40604287707211,8.45150076142189,severe_damage,8.5611132089716
865,8.26549824632084,8.42098138332811,severe_damage,8.52081276701045
866,8.67156437730325,8.48295172424,severe_damage,8.47981575305992
867,8.56144370501223,8.35872882038622,severe_damage,8.44621592377965
868,8.27747804979698,8.18741504955745,severe_damage,8.44865419593254
869,8.6649543202583,8.67936348979564,severe_damage,8.41304651916706
870,8.35703769546724,8.52514902010049,severe_damage,8.38234277079107
871,8.31335625152855,8.39766476153176,severe_damage,8.35067543195332
872,8.4359142303892,8.42357580194485,severe_damage,8.35454662474781
873,8.27798152062205,8.1514448158998,severe_damage,8.36265853133924
874,8.12748441516235,8.13661928116742,severe_damage,8.32776771431292
875,8.5414540972267,8.62228412738088,severe_damage,8.29828658802212
876,8.20234349437844,8.0940757906677,severe_damage,8.28000455886875
877,8.20078314332291,8.23528346938134,severe_damage,8.21931072950984
878,8.05257417236638,8.09309318249622,severe_damage,8.16098307375058
879,8.31057853679153,8.5095686533393,severe_damage,8.13070642681227
880,8.30924038286825,8.5426599821996,severe_damage,8.10253339963202
881,8.23907443359047,7.95958946884506,severe_damage,8.08984738805514
882,7.75234331182401,7.91651192602423,severe_damage,8.07913252391179
883,8.0106072303794,7.91318461225701,severe_damage,8.01279742463123
884,7.96581517955839,7.76895604941188,severe_damage,7.95892084055768
885,7.74119158381235,7.65023418371159,severe_damage,7.9415651420275
886,8.01511807757713,7.94351505745723,severe_damage,7.90313714135114
887,7.95411734805082,8.00098039424098,severe_damage,7.8616893785088
888,7.9935184248225,7.9611546422466,severe_damage,7.82499091486046
889,8.17871386515605,7.97589631901723,severe_damage,7.81646641398283
890,7.67949744390306,7.62725763817241,severe_damage,7.76977998734884
891,7.57202115490403,7.28592702956445,severe_damage,7.7488393133891
892,7.73760058919703,7.97494799142864,severe_damage,7.7718001204673
893,7.61322582670159,7.51667317235094,severe_damage,7.76294980230766
894,7.78354329647176,7.88785221070421,severe_damage,7.72678672067868
895,7.89208965298026,7.99218302747443,severe_damage,7.6657162793332
896,7.92988393627878,7.83172195568062,severe_damage,7.60039195333072
897,7.44530160612118,7.2162155265144,severe_damage,7.55883613287962
898,7.82880968520775,7.5990745028609,severe_damage,7.53686151539138
899,7.99231669837346,8.11336815558481,severe_damage,7.54243319818729
900,7.53543069789076,7.51747941131705,severe_damage,7.53698941728885
901,7.24163438038121,7.40106883302248,severe_damage,7.50151236893924
902,7.1551100834754,7.08492377405884,severe_damage,7.43626943776007
903,7.42038322067805,6.98128975220933,severe_damage,7.41673294385313
904,7.5153286631236,7.35255901225077,severe_damage,7.361298647158
905,7.17828109810545,7.29763837584889,severe_damage,7.33305876508412
906,7.33832960389798,7.36950227150306,severe_damage,7.29127454935008
907,7.61268592340482,7.8932912779521,severe_damage,7.22375324050853
908,6.95679546218848,6.98451744710666,mild_damage,7.18486278193919
909,7.17817501804271,6.90920824301669,severe_damage,7.16101542366148
910,7.32673406267048,7.69913561887034,severe_damage,7.14391805186833
911,6.91437122644254,7.0002075052536,mild_damage,7.13162181469543
912,7.01160943775688,6.79261729540627,severe_damage,7.08937806691852
913,6.95463132802586,6.97231126685034,mild_damage,7.07541281599369
914,7.10722600466787,7.10054852296154,severe_damage,7.06641712442263
915,7.047787117938,6.93412253277696,severe_damage,7.00271401613596
916,7.31540607372331,7.04335845885675,severe_damage,6.9841299148799
917,6.90421662751003,6.82846319716166,mild_damage,6.97423964798349
918,6.77488126797952,6.79684619461589,mild_damage,6.89146562764073
919,6.76337537502239,6.71890279559702,mild_damage,6.84504957246635
920,7.21673024391518,7.0881596119764,severe_damage,6.81335751678765
921,7.22719582668853,7.23456689793721,severe_damage,6.77726015423729
922,6.72928343170995,6.93774465365212,mild_damage,6.72833962284319
923,6.68610512125705,6.70575592826564,mild_damage,6.67591413929939
924,6.69930756815579,6.76085423957056,mild_damage,6.64590097209672
925,6.50083585353648,6.457525313729,mild_damage,6.62058343282335
926,6.42855958657586,6.30396667763795,mild_damage,6.58434912872159
927,6.40740335814371,6.31723646022569,mild_damage,6.59091349705948
928,6.38746786897591,6.43085082859495,mild_damage,6.532096433921
929,6.3628866413078,6.36674055204999,mild_damage,6.48339773175549
930,6.15151109211037,6.14774027961998,mild_damage,6.44018626851375
931,6.52428695764432,6.59316095081675,mild_damage,6.39469521594375
932,6.28220863732073,6.448700108061,mild_damage,6.36591975594538
933,6.17629726167688,6.25333163308956,mild_damage,6.3684079693329
934,6.84415231075777,6.81736832066545,mild_damage,6.3591114412216
935,6.1818131437977,6.2059036648991,mild_damage,6.33611511648246
936,6.42879637861351,6.50408636545453,mild_damage,6.3298066313326
937,6.28394086745804,6.28957270502605,mild_damage,6.30130402674224
938,5.90551662083115,6.0233901397157,mild_damage,6.28442283040637
939,6.230340710305,6.32922233959497,mild_damage,6.27093927951808
940,6.44691534091319,6.49484851454177,mild_damage,6.25275148542203
941,6.28902970932803,6.16451875596851,mild_damage,6.21483170226321
942,6.06797721389281,5.97229158913855,mild_damage,6.13381631916815
943,6.41693876955052,6.33622355134707,mild_damage,6.12635535523695
944,5.85539172797946,5.93920148319464,mild_damage,6.07370740335699
945,5.89659638996587,5.89452233458194,mild_damage,6.03040384207741
946,6.23881838275303,6.39090768749241,mild_damage,6.00405241370808
947,6.18551347537529,6.17588319662016,mild_damage,5.94156163609238
948,5.68537800628287,5.68453488570723,mild_damage,5.86562379532173
949,5.62006489714482,5.60213757423961,mild_damage,5.84291072865736
950,5.99127556145474,6.09398920593111,mild_damage,5.80234943731567
951,5.63006141364092,5.71436708725509,mild_damage,5.74749659944106
952,5.62509234452581,5.64001928583238,mild_damage,5.72425061264952
953,5.66813957136487,5.62811871417581,mild_damage,5.68263470604969
954,5.42189149981471,5.39186067535938,mild_damage,5.61395995146707
955,5.38482290170768,5.35578090298199,mild_damage,5.56846498018747
956,5.76932462757707,5.82382275600309,mild_damage,5.50864187803074
957,5.28276031555868,5.36387221901317,mild_damage,5.47053343481169
958,5.38182851871607,5.51343098322786,mild_damage,5.41308108272666
959,5.50745190360678,5.59051168132164,mild_damage,5.38803043030642
960,5.35651916841902,5.27028373558448,mild_damage,5.34373751356351
961,5.28030321152705,5.36078636875303,mild_damage,5.32093002848574
962,5.48334250985934,5.49345862742609,mild_damage,5.28976528119165
963,4.84392232877757,4.78718835335632,mild_damage,5.28721047629422
964,5.04657878614291,5.03051092595395,mild_damage,5.21501110612167
965,5.24375097635677,5.23220392465565,mild_damage,5.18206972312758
966,5.33845026836594,5.33860730095141,mild_damage,5.16102876367853
967,4.9642879082338,4.97562553468876,mild_damage,5.13112244488134
968,5.29684673264096,5.28600643800928,mild_damage,5.06385742195786
969,4.95996144663865,4.92438946594803,mild_damage,5.01307590341328
970,5.21885858083826,5.31745882952049,mild_damage,4.9471793029518
971,4.62506659595814,4.74083220341488,mild_damage,4.9326146149922
972,4.82614297159554,4.8697514741018,mild_damage,4.91454219075207
973,5.19222933760495,5.19781659149221,mild_damage,4.8974232161157
974,5.02814329476532,5.14191689936368,mild_damage,4.8343179053611
975,4.29081216959662,4.26130839173231,mild_damage,4.84086059757137
976,4.62317289967234,4.5990635905843,mild_damage,4.80489156525629
977,4.50046759201789,4.50500962050396,mild_damage,4.78842071988498
978,4.48902961634516,4.56871803396236,mild_damage,4.75204000812895
979,4.76757441905521,4.75942456235192,mild_damage,4.72116406427901
980,4.93148121289731,4.97541930511013,mild_damage,4.67303517100427
981,4.40003777386613,4.39202763963237,mild_damage,4.63338933157191
982,5.05592544323323,5.07376591784288,mild_damage,4.58288211013196
983,4.9047139623082,4.74647095328299,mild_damage,4.5803551695719
984,4.56558991238408,4.6773267853784,mild_damage,4.58484089071494
985,4.6912236664273,4.77174815318012,mild_damage,4.56586972338824
986,4.36250908302086,4.27769304566571,mild_damage,4.57914472864565
987,4.34580637593853,4.14781807498067,mild_damage,4.55350222832384
988,4.47058220176169,4.60312900000687,mild_damage,4.49343878145752
989,4.37958255572451,4.38430857776448,mild_damage,4.47968443075229
990,4.14869478656577,4.22340428333135,mild_damage,4.40148471183453
991,4.61891549775309,4.66634940772997,mild_damage,4.3765882897202
992,4.18735010361619,4.22044211060332,mild_damage,4.3212040533125
993,4.67395218549817,4.76784311282363,mild_damage,4.27338962538636
994,4.33670726859311,4.37478705752477,mild_damage,4.27308223822355
995,4.21086543256295,4.07446760211524,mild_damage,4.28271794308838
996,4.13133873365786,4.18571237905396,mild_damage,4.25601702167851
997,3.91098033002058,3.9007701340764,normal,4.24435415294342
998,4.35751051976447,4.37302462156819,mild_damage,4.24644913990463
999,3.83997559312484,3.84656323926279,normal,4.1997935545907
1000,4.02707436220136,4.054531734288,mild_damage,4.19721248508912
